title,original_title,budget,original_language,homepage,overview,popularity,runtime,revenue,release_date,vote_average,vote_count,genres,spoken_languages,production_countries,web_url,snippet,source,keywords,pub_date,word_count,headline.main,headline.kicker,headline.content_kicker,headline.print_headline,headline.name,headline.seo,headline.sub,byline.original,byline.organization
The Tomorrow Man,The Tomorrow Man,0,en,https://bleeckerstreetmedia.com/thetomorrowman,"Ed Hemsler spends his life preparing for a disaster that may never come. Ronnie Meisner spends her life shopping for things she may never use. In a small town somewhere in America, these two people will try to find love while trying not to get lost in each other’s stuff.",10.239,94,0,2019-05-22,5.746,59,"Drama, Romance",English,United States of America,https://www.nytimes.com/2019/05/21/movies/the-tomorrow-man-review.html,Blythe Danner and John Lithgow strain to elevate this twee late-life romance.,The New York Times,"subject: Movies;creative_works: The Tomorrow Man (Movie);persons: Danner, Blythe;persons: Lithgow, John;persons: Jones, Noble;",2019-05-21T11:00:01+0000,280,‘The Tomorrow Man’ Review: Love Among the Neuroses,,,"They Whirl, They Twirl, They Tango",,,,By Jeannette Catsoulis,
Marriage Story,Marriage Story,18000000,en,https://www.marriagestorymovie.com,"A stage director and an actress struggle through a grueling, coast-to-coast divorce that pushes them to their personal extremes.",37.504,137,2300000,2019-09-28,7.744,6767,Drama,English,United Kingdom,https://www.nytimes.com/2019/11/05/movies/marriage-story-review.html,"Adam Driver and Scarlett Johansson self-consciously uncouple in Noah Baumbach’s tender, stinging tale of divorce.",The New York Times,"subject: Movies;persons: Baumbach, Noah;creative_works: Marriage Story (Movie);persons: Driver, Adam;persons: Johansson, Scarlett;persons: ALDA, ALAN;persons: Dern, Laura;persons: Liotta, Ray;",2019-11-05T19:01:02+0000,1244,‘Marriage Story’ Review: Dance Me to the End of Love,critic’s pick,,"Friendly Split, Shattering Break",,,,By A.O. Scott,
Bones and All,Bones and All,16000000,it,https://www.bonesandallfilm.net/,"Abandoned by her father, a young woman embarks on a thousand-mile odyssey through the backroads of America where she meets a disenfranchised drifter. But despite their best efforts, all roads lead back to their terrifying pasts and to a final stand that will determine whether their love can survive their otherness.",49.707,131,15234907,2022-11-18,7.07,1257,"Drama, Horror, Romance",English,"Italy, United States of America",https://www.nytimes.com/2022/11/17/movies/bones-and-all-review.html,Luca Guadagnino’s latest stars Timothée Chalamet and Taylor Russell as young cannibals on the run.,The New York Times,"subject: Movies;creative_works: Bones and All (Movie);persons: Guadagnino, Luca;persons: Chalamet, Timothee (1995- );persons: Russell, Taylor (1994- );",2022-11-17T12:00:06+0000,710,‘Bones and All’ Review: You Eat What You Are,,,"It’s Eat, Prey, Love on a Journey of Self-Discovery",,,,By A.O. Scott,
"Love, Antosha","Love, Antosha",0,en,https://antonyelchindoc.com/,"From a prolific career in film and television, Anton Yelchin left an indelible legacy as an actor. Through his journals and other writings, his photography, the original music he wrote, and interviews with his family, friends, and colleagues, this film looks not just at Anton's impressive career, but at a broader portrait of the man.",6.283,92,0,2019-08-02,7.2,50,Documentary,"English, Pусский",United States of America,https://www.nytimes.com/2019/08/08/movies/love-anthosa-review.html,"Anton Yelchin, who played Chekov in the J.J. Abrams-produced “Star Trek” films, assembled an eclectic filmography before his death at 27 in 2016.",The New York Times,"subject: Documentary Films and Programs;creative_works: Love, Antosha (Movie);persons: Price, Garret;persons: Yelchin, Anton;",2019-08-08T09:00:10+0000,319,"‘Love, Antosha’ Review: A Heartbreaking Look at an Actor’s Too-Short Life",Critic’s Pick,,"Love, Antosha",,,,By Glenn Kenny,
You Can Live Forever,You Can Live Forever,0,en,https://gooddeedentertainment.com/you-can-live-forever/,"When Jaime, a gay teenager, is sent to live in a community of Jehovah's Witnesses in small-town Quebec, she falls madly in love with a devout Witness girl. The two embark on an intense affair with consequences that will reshape the rest of their lives.",35.235,96,15055,2023-03-24,6.6,37,"Drama, Romance","English, Français","Canada, United States of America",https://www.nytimes.com/2023/05/04/movies/you-can-live-forever-review.html,Religion comes between two girls falling in love in the 1990s in this sweet coming-of-age film bathed in grunge hues.,The New York Times,"subject: Movies;creative_works: You Can Live Forever (Movie);persons: Slutsky, Mark;persons: Watts, Sarah (Film Director);persons: O'Driscoll, Anwen;persons: Laporte, June (Actor);",2023-05-04T11:00:08+0000,294,‘You Can Live Forever’ Review: Do You Love Me Now?,,,You Can Live Forever,,,,By Elisabeth Vincentelli,
A Journal for Jordan,A Journal for Jordan,25000000,en,https://www.sonypictures.com/movies/ajournalforjordan,"Based on the true story of First Sergeant Charles Monroe King, a soldier deployed to Iraq begins to keep a journal of love and advice for his infant son. Back at home, senior New York Times editor Dana Canedy revisits the story of her unlikely, life-altering relationship with King and his enduring devotion to her and their child.",16.933,131,6700000,2021-12-22,7.0,109,"Drama, Romance",English,"Canada, United States of America",https://www.nytimes.com/2021/12/23/movies/a-journal-for-jordan-review.html,The actors Michael B. Jordan and Chanté Adams bring a compelling chemistry to the screen as opposites who fall for each other.,The New York Times,"subject: Movies;creative_works: A Journal for Jordan (Movie);persons: Washington, Denzel;persons: Jordan, Michael B;persons: Adams, Chante;subject: Books and Literature;creative_works: A Journal for Jordan: A Story of Love and Honor (Book);persons: Canedy, Dana;subject: Black People;subject: Blacks;",2021-12-23T18:54:12+0000,505,‘A Journal for Jordan’ Review: Reflections on Love Built and Lost,,,Reflections on Love That’s Built and Lost,,,,By Lisa Kennedy,
Undine,Undine,0,de,https://www.the-match-factory.com/catalogue/films/undine.html,"Undine is a historian and tour guide at the Berlin City Museum specializing in urban development, while Christoph is an industrial diver. Linked by a love of the water, the two form an intense bond, which can only do so much to help Undine overcome the considerable baggage of her former affair.",19.398,90,0,2020-07-01,6.493,224,"Fantasy, Drama, Romance","English, Deutsch, Español","France, Germany",https://www.nytimes.com/2021/06/03/movies/undine-review.html,"Paula Beer and Franz Rogowski, who made an impression in 2019’s “Transit,” are reunited by the director Christian Petzold for this adaptation of a European myth.",The New York Times,"subject: Movies;persons: Petzold, Christian;persons: Rogowski, Franz;creative_works: Undine (Movie);persons: Beer, Paula (1995- );",2021-06-03T11:00:08+0000,535,‘Undine’ Review: Love In and Out of the Water,Critic’s Pick,,She’s Like a Sprite Out of Water,,,,By Glenn Kenny,
Waiting for Bojangles,En attendant Bojangles,0,fr,,"A boy and his eccentric parents leave their home in Paris for a country house in Spain. As the mother descends deeper into her own mind, it's up to the boy and his father to keep her safe and happy.",10.887,124,0,2021-10-13,7.371,302,"Drama, Comedy, Romance","English, Français, Español","France, United States of America",https://www.nytimes.com/2022/09/01/movies/waiting-for-bojangles-review-endless-love.html,"Set in Paris in the 1960s, the film tells the story of two irrepressible lovers, and their young son, whose tale turns tragic.",The New York Times,"subject: Movies;persons: Bourdeaut, Olivier;creative_works: Waiting for Bojangles (Movie);persons: Roinsard, Regis;",2022-09-01T11:00:06+0000,267,‘Waiting for Bojangles’ Review: Endless Love,,,Waiting for Bojangles,,,,By Calum Marsh,
Lost in Paris,Paris pieds nus,0,fr,,"Fiona visits Paris for the first time to assist her myopic Aunt Martha. Catastrophes ensue, mainly involving Dom, a homeless man who has yet to have an emotion or thought he was afraid of expressing.",9.864,83,0,2017-01-14,6.022,114,Comedy,Français,"Belgium, France",https://www.nytimes.com/2017/06/15/movies/lost-in-paris-review.html,"The filmmakers Fiona Gordon and Dominique Abel star in their fourth movie, a tale infused with physical comedy about a woman in search of her aunt.",The New York Times,"creative_works: Lost in Paris (Movie);subject: Movies;persons: Abel, Dominique;persons: Gordon, Fiona;persons: Riva, Emmanuelle;",2017-06-15T19:37:09+0000,254,Review: Finding Love (and Slapstick) While ‘Lost in Paris’,,,Lost in Paris,,,,By Ben Kenigsberg,
Love & Mercy’ Gets Inside Brian Wilson’s Hea,Romantik Hırsız,0,tr,https://www.netflix.com/title/81689799,"After learning that the art thief she has been chasing is her ex-lover, an officer working for Interpol concocts a plan to catch him red-handed.",73.673,99,0,2024-03-13,6.527,112,"Romance, Action, Drama",Türkçe,Turkey,https://www.nytimes.com/2015/06/05/movies/review-love-mercy-gets-inside-brian-wilsons-head.html,"In Bill Pohlad’s Beach Boys biopic, Paul Dano plays Mr. Wilson in the 1960s, making “Pet Sounds,” and John Cusack plays him in the 1980s, making peace.",The New York Times,"subject: Movies;persons: Pohlad, William M (1955- );persons: Dano, Paul;persons: Cusack, John;persons: Wilson, Brian (1942- );persons: Giamatti, Paul;persons: Banks, Elizabeth;creative_works: Love & Mercy (Movie);",2015-06-04T23:40:22+0000,973,Review: ‘Love & Mercy’ Gets Inside Brian Wilson’s Head,,,"Getting Inside Brian Wilson&#8217;s Head, in Two Intense Decades ",,,,By A.O. Scott,
Hard Luck Love Song,Hard Luck Love Song,0,en,http://HardLuckLoveSong.com,"Jesse, a charismatic but down on his luck troubadour, finds himself at an existential crossroads as bad choices catch up with him during an unexpected reunion with Carla, an old flame.",9.041,104,0,2021-10-15,4.3,12,"Romance, Music, Drama, Thriller","English, Español",United States of America,https://www.nytimes.com/2021/10/14/movies/hard-luck-love-song-review.html,"Drawn from the plotline of a Todd Snider song, the film follows a pool shark and an escort, taking twists that are both violent and silly.",The New York Times,"subject: Movies;persons: Dorman, Michael (1981- );creative_works: Hard Luck Love Song (Movie);persons: Bush, Sophia (1982- );",2021-10-14T12:27:03+0000,320,‘Hard Luck Love Song’ Review: A Glossy Take on a Gritty Tune,,,Hard Luck Love Song,,,,By Glenn Kenny,
See You Then,See You Then,0,en,https://vanishingangle.com/see-you-then,"A decade after abruptly breaking up with Naomi, Kris invites her to a dinner to catch-up on their complicated lives, relationships, and Kris' transition.",4.339,74,0,2022-04-01,3.3,5,Drama,English,United States of America,https://www.nytimes.com/2022/04/18/movies/see-you-then-review.html,"Former lovers reconnect, litigating the past and present, in this drama from Mari Walker.",The New York Times,"subject: Movies;creative_works: See You Then (Movie);persons: Walker, Mari;",2022-04-18T11:00:03+0000,300,‘See You Then’ Review: The More Things Stay the Same,,,The Persistent Melancholy of Love,,,,By Kyle Turner,
Kalank,कलंक,0,hi,,"Set in 1945, in Pre-Independent India, the elite, opulent and solemn world of the Chaudhry family, and the wild, mysterious and musical underbelly of the town, Hira Mandi, clash when Roop Chaudhry encounters Zafar, a daredevil from Hira Mandi, unleashing deep-buried truths, secrets of betrayal and affairs that threaten to bring both worlds crashing down.",12.326,166,0,2019-04-17,5.63,50,"Drama, Romance",हिन्दी,India,https://www.nytimes.com/2019/04/19/movies/kalank-review.html,Abhishek Varman’s maximalist melodrama delivers spectacle (some of it mind-numbing) but fails to tell a gripping story.,The New York Times,"subject: Movies;creative_works: Kalank (Movie);persons: Varman, Abhishek;",2019-04-19T15:38:08+0000,479,‘Kalank’ Review: A Bollywood Love Story in the Shadow of Partition,,,An Extravagant Spectacle,,,,By Rachel Saltz,
Your Name Engraved Herein,刻在你心底的名字,0,zh,,"In 1987, as martial law ends in Taiwan, Jia-han and Birdy fall in love amid family pressure, homophobia and social stigma.",23.495,114,0,2020-09-30,7.9,241,"Romance, Drama","普通话, English","Taiwan, United States of America",https://www.nytimes.com/2020/12/24/movies/review-your-name-engraved-herein.html,The filmmaker Patrick Liu keeps the focus on the two young men in this Taiwanese drama and blurs the rest.,The New York Times,"subject: Movies;glocations: Taiwan;persons: Liu, Patrick (Filmmaker);creative_works: Your Name Engraved Herein (Movie);",2020-12-24T12:00:06+0000,295,‘Your Name Engraved Herein’ Review: When Love Is All You Can See,,,Your Name Engraved Herein,,,,By Teo Bugbee,
Tu Me Manques,Tu me manques,0,es,,"Following his son Gabriel’s death, Jorge travels from conservative Bolivia to New York City to confront Gabriel’s boyfriend Sebastian. While the two battle over Jorge’s inability to accept his son, Sebastian channels his grief into a bold new play in honor of his lost love, in which Gabriel’s inner turmoil is transformed into an eye-popping gay fantasia.",10.625,110,0,2019-07-27,6.9,23,"Drama, Romance","English, Español","Bolivia, United States of America",https://www.nytimes.com/2021/04/22/movies/tu-me-manques-review.html,A conservative father who could not accept his son’s sexuality is led on a contemplative tour of queer life in New York in this Bolivian film.,The New York Times,"subject: Movies;creative_works: Tu Me Manques (Movie);persons: Martinez, Oscar (1949- );persons: Barbosa, Fernando (Actor);persons: Bellott, Rodrigo;glocations: Bolivia;",2021-04-22T11:00:07+0000,301,‘Tu Me Manques’ Review: Traces of a Lost Love,,,Tu Me Manques,,,,By Teo Bugbee,
Together,Together,0,en,https://www.bbc.co.uk/programmes/m000x2lk,A husband and wife are forced to re-evaluate themselves and their relationship through the reality of the Covid-19 lockdown.,16.238,87,214390,2021-08-27,5.869,80,"Drama, Comedy",English,United Kingdom,https://www.nytimes.com/2021/08/26/movies/together-review.html,Sharon Horgan and James McAvoy play a battling couple trapped in lockdown in this theatrical pandemic drama.,The New York Times,"subject: Movies;creative_works: Together (Movie);persons: Daldry, Stephen;persons: McAvoy, James;persons: Horgan, Sharon (1970- );",2021-08-26T11:00:06+0000,412,‘Together’ Review: Love and Loathing in London,,,Love and Loathing in a Blighted London,,,,By Jeannette Catsoulis,
Alcarràs,Alcarràs,3,ca,https://www.alcarras-film.com/,"In a small village in Catalonia, the peach farmers of the Solé family spend every summer together picking fruit from their orchard. But when plans arise to install solar panels and cut down trees, the members of this tight-knit group suddenly face eviction – and the loss of far more than their home.",10.069,120,2,2022-04-29,6.9,181,Drama,Català,Spain,https://www.nytimes.com/2023/01/05/movies/alcarras-review.html,"In this naturalistic drama from Spain, a family confronts the impending loss of its generations-old farm.",The New York Times,"subject: Movies;persons: Simon, Carla;creative_works: Alcarras (Movie);",2023-01-05T12:00:03+0000,306,‘Alcarràs’ Review: Labor of Love,,,Alcarràs,,,,By Devika Girish,
Queen & Slim,Η Μαύρη Εμμανουέλα,0,el,,"A woman struggles to keep her stepdaughter from harms way after she hires an assassin to kill her husband, but the hitman turns and blackmails her for the crime.",85.715,91,0,1980-02-01,6.079,82,"Crime, Drama, Thriller","ελληνικά, Italiano","Cyprus, Greece",https://www.nytimes.com/2019/11/26/movies/queen-and-slim-review.html,Daniel Kaluuya and Jodie Turner-Smith star in Melina Matsoukas’s dreamy but intense outlaw romance.,The New York Times,"subject: Movies;creative_works: Queen & Slim (Movie);persons: Matsoukas, Melina;persons: Waithe, Lena;persons: Kaluuya, Daniel;persons: Turner-Smith, Jodie;",2019-11-26T17:41:50+0000,799,‘Queen & Slim’ Review: Love on the Run,critic’s pick,,Love Simmers Inside a Cauldron,,,,By A.O. Scott,
Falling Inn Love,Falling Inn Love,0,en,https://www.netflix.com/title/80999781,"When a San Francisco exec wins a New Zealand inn, she ditches city life to remodel and flip the rustic property with help from a handsome contractor.",17.377,98,0,2019-08-29,6.524,1130,"Romance, Comedy",English,United States of America,https://www.nytimes.com/2019/08/29/movies/falling-inn-love-review.html,"It’s hard to find a reliable, talented, reasonably priced, eco-friendly contractor these days.",The New York Times,"subject: Movies;organizations: Netflix Inc;persons: Kumble, Roger;persons: Milian, Christina;persons: Demos, Adam;creative_works: Falling Inn Love (Movie);",2019-08-29T14:56:44+0000,374,‘Falling Inn Love’ Review: A Prize That Needs Some Work,Streaming Movie Review,,A Fine Romance to Watch While Sorting Socks,,,,By Helen T. Verongos,
The Sun Is Also a Star,The Sun Is Also a Star,9000000,en,https://www.thesunisalsoastarmovie.com,"Two young New Yorkers begin to fall in love over the course of a single day, as a series of potentially life-altering meetings loom over their heads - hers concerning her family’s deportation to Jamaica, and his concerning an education at Dartmouth.",12.498,100,6800000,2019-05-16,7.0,569,"Romance, Drama",English,United States of America,https://www.nytimes.com/2019/05/15/movies/the-sun-is-also-a-star-review.html,"Yara Shahidi and Charles Melton play teenagers falling in love on a hectic, sunny day in New York.",The New York Times,"subject: Movies;creative_works: The Sun Is also a Star (Movie);persons: Russo-Young, Ry;persons: Shahidi, Yara (2000- );persons: Yoon, Nicola (Author);persons: Melton, Charles (1991- );",2019-05-15T16:01:27+0000,697,"‘The Sun Is Also a Star’ Review: A Charming, if Generic, Adolescent Love Story",,,A Beautiful Day for Young Hearts,,,,By A.O. Scott,
Book of Love,Book of Love,0,en,,"Henry, an English writer who has written a new book that has become a failure in the U.K, gets notified that the dull book has been highly trending over in Mexico. Little does he know that Maria, a Spanish translator, turned the book into an erotic novel. Henry and Maria then swerve around Mexico to do a book tour and go through a wind of events.",8.729,106,398876,2022-01-06,5.6,117,"Comedy, Romance, Drama","English, Español, Português","Mexico, United Kingdom, United States of America",https://www.nytimes.com/2022/02/04/movies/book-of-love-review.html,"Unbeknown to the author of an uninspired romance novel, the book takes a sharp turn into erotic territory in its Spanish-language release.",The New York Times,"subject: Movies;persons: Claflin, Sam;persons: Cal y Mayor, Analeine;creative_works: Book of Love (Movie);",2022-02-04T05:01:04+0000,269,‘Book of Love’ Review: Lust (Eventually) in Translation,,,Book of Love,,,,By Natalia Winkelman,
My Psychedelic Love Story,My Psychedelic Love Story,0,en,https://www.sho.com/titles/3497302/my-psychedelic-love-story,An examination of the notorious high priest of LSD Timothy Leary through the eyes of his famed lover Joanna Harcourt-Smith.,5.268,107,0,2020-10-22,6.3,7,Documentary,English,United States of America,https://www.nytimes.com/2020/11/26/movies/my-psychedelic-love-story-review.html,"This Errol Morris documentary explores the relationship between the LSD guru and Joanna Harcourt-Smith, a woman who likened herself to Mata Hari.",The New York Times,"subject: Documentary Films and Programs;creative_works: My Psychedelic Love Story (Movie);persons: Harcourt-Smith, Joanna (1946-2020);persons: Morris, Errol;subject: LSD (Lysergic Acid Diethylamide);subject: Content Type: Personal Profile;",2020-11-26T12:00:05+0000,599,‘My Psychedelic Love Story’ Review: On the Run With Timothy Leary,Critic’s Pick,,Acid and Romance: On the Run With Timothy Leary,,,,By Glenn Kenny,
How to Talk to Girls at Parties,How to Talk to Girls at Parties,0,en,https://a24films.com/films/how-to-talk-to-girls-at-parties,"In 1970s London, a teenage outsider named Enn falls in love with a rebellious alien girl named Zan, who has come to Earth for a party. Together, they navigate the complexities of intergalactic culture and the trials of first love.",19.816,103,0,2017-10-06,5.991,369,"Comedy, Music, Romance, Science Fiction",English,"United Kingdom, United States of America",https://www.nytimes.com/2018/05/24/movies/how-to-talk-to-girls-at-parties-review.html,John Cameron Mitchell’s loony romantic comedy encourages young love to bloom in the soil of an alien visitation.,The New York Times,"subject: Movies;creative_works: How to Talk to Girls at Parties (Movie);persons: Mitchell, John Cameron;persons: Fanning, Elle;persons: Sharp, Alexander;",2018-05-24T11:00:01+0000,458,Review: An Alien Teaches a Teenage Punk ‘How to Talk to Girls at Parties’,,,Otherworldly Love in a Punk-Rock World,,,,By Jeannette Catsoulis,
All the Bright Places,All the Bright Places,0,en,https://www.netflix.com/title/80208802,Two teens facing personal struggles form a powerful bond as they embark on a cathartic journey chronicling the wonders of Indiana.,36.835,108,0,2020-02-28,7.653,2800,"Romance, Drama",English,United States of America,https://www.nytimes.com/2020/02/28/movies/all-the-bright-places-review.html,Elle Fanning and Justice Smith breathe life into a film about mental illness and the healing power of love.,The New York Times,"subject: Movies;creative_works: All the Bright Places (Movie);persons: Haley, Brett;persons: Fanning, Elle;persons: Smith, Justice (1995- );organizations: Netflix Inc;",2020-02-28T08:01:07+0000,233,‘All the Bright Places’ Review: Love Amid Trauma,Streaming Movie Review,,A Refreshing Exploration of Mental Illness,,,,By Candice Frederick,
"Cyrano, My Love",Edmond,9208475,fr,http://roadsideattractions.com/filmography/cyranomylove,"Paris, France, December 1897. The young playwright Edmond Rostand feels like a failure. Inspiration has abandoned him. Married and father of two children, desperate and penniless, he persuades the great actor Constant Coquelin to perform the main role in his new play. But there is a problem: Coquelin wants to premiere it at Christmas and Edmond has not written a single word.",9.142,113,0,2018-11-10,7.507,486,"Comedy, History","Français, Pусский","Belgium, France",https://www.nytimes.com/2019/10/17/movies/cyrano-my-love-review.html,This superficial take on the writing and initial staging of “Cyrano de Bergerac” is a whirlwind of soapy declarations and backstage chaos.,The New York Times,"subject: Movies;creative_works: Cyrano, My Love (Movie);persons: Michalik, Alexis;",2019-10-17T11:00:03+0000,291,"‘Cyrano, My Love’ Review: A Nose for Romance",,,"Cyrano, My Love",,,,By Jeannette Catsoulis,
Wife of a Spy,スパイの妻,0,ja,https://intl.nikkatsu.com/sales/358.html,"It’s 1940, and the population of Japan is divided over its entry into World War II. Satoko, the wife of a fabric merchant, is devoted to her husband but is beginning to suspect he’s up to something. Soon she allows herself to be drawn into a game in which she enigmatically conceals her intentions.",19.953,114,0,2020-10-16,6.623,81,"Drama, War, Thriller","English, 日本語",Japan,https://www.nytimes.com/2021/09/16/movies/wife-of-a-spy-review-trust-or-fear-in-love-and-war.html,"In this latest work by Kiyoshi Kurosawa, a Japanese couple’s relationship is shaped by the forces of churning nationalism that surround it.",The New York Times,"subject: Movies;persons: Kurosawa, Kiyoshi;creative_works: Wife of a Spy (Movie);",2021-09-16T11:00:07+0000,448,‘Wife of a Spy’ Review: Trust or Fear in Love and War?,Critic’s Pick,,Marriage Amid Nationalism,,,,By Glenn Kenny,
The Mountain Between Us,The Mountain Between Us,35000000,en,http://MountainBetweenUs.com,"Stranded on a mountain after a tragic plane crash, two strangers must work together to endure the extreme elements of the remote, snow-covered terrain. When they realize help is not coming, they embark on a perilous journey across hundreds of miles of wilderness, pushing each other to survive and discovering their inner strength.",52.601,109,62832209,2017-10-05,6.653,2300,"Drama, Adventure, Romance",English,United States of America,https://www.nytimes.com/2017/10/05/movies/the-mountain-between-us-review-kate-winslet-idris-elba.html,Idris Elba and Kate Winslet crash into a mountain — and each other — in this drama.,The New York Times,"subject: Movies;creative_works: The Mountain Between Us (Movie);persons: ABU-ASSAD, HANY;persons: Elba, Idris;persons: Winslet, Kate;",2017-10-05T11:00:05+0000,272,Review: Love in a Cold Climate in ‘The Mountain Between Us’,,,The Mountain Between Us,,,,By Jeannette Catsoulis,
Hope Gap,Hope Gap,0,en,https://www.originpictures.co.uk/hope-gap,"Grace lives an idyllic life in a British seaside town, but her world soon comes crashing down when her husband of 29 years tells her he's leaving her for another woman. Through stages of shock, disbelief and anger -- and with support from her son -- Grace ultimately regains her footing while learning it's never too late to be happy.",11.976,100,1136167,2019-10-03,6.3,121,Drama,English,United Kingdom,https://www.nytimes.com/2020/03/05/movies/hope-gap-review-a-thin-line-between-love-and-war.html,Annette Bening and Bill Nighy play a couple that has lost its way after 29 years of marriage.,The New York Times,"subject: Movies;persons: Bening, Annette;persons: Nighy, Bill;persons: Nicholson, William (1948- );creative_works: Hope Gap (Movie);",2020-03-05T12:00:03+0000,257,‘Hope Gap’ Review: A Thin Line Between Love and War,,,Hope Gap,,,,By Aisha Harris,
How to Train Your Dragon: The Hidden World,How to Train Your Dragon: The Hidden World,129000000,en,https://www.howtotrainyourdragon.com/,"As Hiccup fulfills his dream of creating a peaceful dragon utopia, Toothless’ discovery of an untamed, elusive mate draws the Night Fury away. When danger mounts at home and Hiccup’s reign as village chief is tested, both dragon and rider must make impossible decisions to save their kind.",84.614,104,524580592,2019-01-03,7.751,6173,"Animation, Family, Adventure",English,United States of America,https://www.nytimes.com/2019/02/20/movies/how-to-train-your-dragon-hidden-world-review.html,The third in this franchise concerns the exigencies that poor Hiccup must face as the leader of Berk.,The New York Times,"subject: Movies;persons: DeBlois, Dean;persons: Baruchel, Jay;persons: ABRAHAM, F MURRAY;persons: Ferrera, America;creative_works: How to Train Your Dragon: The Hidden World (Movie);",2019-02-21T00:02:36+0000,531,‘How to Train Your Dragon: The Hidden World’ Review: A Series Scales Up,,,Love Takes Wing Amid Trouble in Utopia,,,,By Ben Kenigsberg,
Monday,Monday,0,en,https://www.monday.movie,"A spark on a Friday can lead to a sizzling weekend fling, but what happens when you get to the inevitable Monday?",10.422,116,0,2020-09-11,6.6,160,"Drama, Romance","English, ελληνικά","Greece, United Kingdom, United States of America",https://www.nytimes.com/2021/04/15/movies/monday-review.html,"Fiery physical contact keeps an expat couple together in Greece, and the sex scenes are enough for a half-dozen movies.",The New York Times,"subject: Movies;persons: Papadimitropoulos, Argyris;persons: Stan, Sebastian;persons: Gough, Denise (1980- );creative_works: Monday (Movie);",2021-04-15T11:00:08+0000,349,‘Monday’ Review: A Year of Love and Its Hangovers,,,Monday,,,,By Glenn Kenny,
My Policeman,My Policeman,0,en,https://www.amazon.com/dp/B09Y8SHDPD,"In the late 1990s, the arrival of elderly invalid Patrick into Marion and Tom’s home triggers the exploration of seismic events from 40 years previous: the passionate relationship between Tom and Patrick at a time when homosexuality was illegal.",17.398,113,0,2022-10-20,7.725,640,"Drama, Romance",English,"United Kingdom, United States of America",https://www.nytimes.com/2022/10/20/movies/my-policeman-review.html,"A schoolteacher, her police officer husband and his lover deny each other romantic satisfaction in this dismal melodrama.",The New York Times,"subject: Movies;creative_works: My Policeman (Movie);persons: Grandage, Michael;",2022-10-20T16:52:51+0000,303,"‘My Policeman’ Review: Two Love Affairs, Equally Tragic",,,My Policeman,,,,By Teo Bugbee,
Paris 05:59 Théo & Hugo’ Finds Two Men Out to Get Luck,Théo et Hugo dans le même bateau,0,fr,,"Théo and Hugo meet in a club and form an immediate bond. Once the desire and elation of this first moment has passed, the two young men, now sober, wander through the empty streets of nocturnal Paris, having to confront the love they sense blossoming between them.",20.112,97,0,2016-04-27,6.842,101,"Drama, Romance",Français,France,https://www.nytimes.com/2017/01/26/movies/paris-0559-theo-hugo-review.html,"The movie features its title characters meeting in a sex club, then venturing out into the Paris night for a more intimate assessment.",The New York Times,"subject: Movies;persons: Ducastel, Olivier;persons: Martineau, Jacques;",2017-01-26T21:59:30+0000,464,Review: ‘Paris 05:59 Théo & Hugo’ Finds Two Men Out to Get Lucky,,,"First Make Love, Then Fall in Love?",,,,By Jeannette Catsoulis,
"Ariana Grande: Excuse Me, I Love You","ariana grande: excuse me, i love you",0,en,https://www.netflix.com/title/81238721,Ariana Grande takes the stage in London for her Sweetener World Tour and shares a behind-the-scenes look at her life in rehearsal and on the road.,22.212,97,0,2020-12-21,8.1,348,"Music, Documentary",English,United States of America,https://www.nytimes.com/2020/12/21/movies/review-ariana-grande-excuse-me-i-love-you.html,"Sometimes it’s enough to adore a pop star from afar, even if you aren’t an Arianator.",The New York Times,"subject: Pop and Rock Music;subject: Documentary Films and Programs;creative_works: Ariana Grande: Excuse Me, I Love You (Movie);persons: Grande, Ariana;persons: Dugdale, Paul (1980- );subject: Content Type: Personal Profile;",2020-12-22T03:50:45+0000,380,"‘Ariana Grande: Excuse Me, I Love You’ Review: It’s Mutual",Streaming,,"Excuse Me, the Feeling Is Mutual",,,,By Chris Azzopardi,
Love & Taxes,Romantik Hırsız,0,tr,https://www.netflix.com/title/81689799,"After learning that the art thief she has been chasing is her ex-lover, an officer working for Interpol concocts a plan to catch him red-handed.",73.673,99,0,2024-03-13,6.527,112,"Romance, Action, Drama",Türkçe,Turkey,https://www.nytimes.com/2017/03/02/movies/love-taxes-review.html,Josh Kornbluth runs afoul of the Internal Revenue Service after failing to file tax returns for seven years.,The New York Times,"creative_works: Love & Taxes (Movie);persons: Kornbluth, Jacob;subject: Movies;persons: Kornbluth, Josh;",2017-03-02T21:44:18+0000,246,Review: It’s All Mirth and Taxes in ‘Love & Taxes’,,,"It’s Inevitable, Mirth and Taxes",,,,By Ken Jaworowski,
"Berlin, I Love You","Berlin, I Love You",0,en,,An anthology feature of 10 stories of romance set in the German capital.,10.699,120,160000,2019-02-08,4.6,79,Drama,"English, Deutsch","Germany, United States of America",https://www.nytimes.com/2019/02/07/movies/berlin-i-love-you-review.html,"The once-divided nature of Berlin isn’t given much consideration in this film, part of the Cities of Love series.",The New York Times,"subject: Movies;creative_works: Berlin, I Love You (Movie);persons: Agron, Dianna;persons: Knightley, Keira;persons: Luna, Diego;persons: Mirren, Helen;persons: Rourke, Mickey;persons: Wilson, Luke;",2019-02-07T12:00:01+0000,227,"‘Berlin, I Love You’ Review: Many Stories, Not Much Feeling",,,"Berlin, I Love You",,,,By Glenn Kenny,
Godard Mon Amour,Le Redoutable,12840746,fr,,"In 1967, during the making of “La Chinoise,” film director Jean-Luc Godard falls in love with 19-year-old actress Anne Wiazemsky and marries her.",20.608,108,82264,2017-06-24,6.666,344,"Drama, Romance, Comedy","Český, Français, English, Italiano","Myanmar, France",https://www.nytimes.com/2018/04/18/movies/godard-mon-amour-review.html,A portrait of a filmmaker in crisis that might have worked better as a comedy sketch.,The New York Times,"subject: Movies;creative_works: Godard Mon Amour (Movie);persons: Hazanavicius, Michel;persons: Godard, Jean-Luc;persons: Wiazemsky, Anne;persons: Garrel, Louis;",2018-04-18T23:02:46+0000,937,"Review: If You Love Godard, You’ll Hate-Watch ‘Godard Mon Amour’",,,"A Portrait and, for Some, a Hate-Watch",,,,By A.O. Scott,
Five Feet Apart,Five Feet Apart,7000000,en,,"Seventeen-year-old Stella spends most of her time in the hospital as a cystic fibrosis patient. Her life is full of routines, boundaries and self-control — all of which get put to the test when she meets Will, an impossibly charming teen who has the same illness. There's an instant flirtation, though restrictions dictate that they must maintain a safe distance between them. As their connection intensifies, so does the temptation to throw the rules out the window and embrace that attraction.",46.205,116,92600000,2019-03-14,8.268,5472,"Romance, Drama","English, Français, Español",United States of America,https://www.nytimes.com/2019/03/14/movies/five-feet-apart-review.html,Haley Lu Richardson and Cole Sprouse navigate the rules of attraction and of a hospital in this film about living with cystic fibrosis.,The New York Times,"subject: Movies;creative_works: Five Feet Apart (Movie);persons: Baldoni, Justin;",2019-03-14T13:00:07+0000,258,‘Five Feet Apart’ Review: Ailing Teenagers Live Dangerously for Love,,,Five Feet Apart,,,,By Ben Kenigsberg,
Two of Us,Two of Us,0,tl,,"Empress Schuck and Ejay Falcon star in this psychological thriller as two people who find each other while trying to make a living in a foreign country. But as time passes, underneath the sweet moments lie a toxic relationship that sparks violent tendencies.",0.936,103,0,2024-04-10,0.0,0,"Drama, Thriller",,Philippines,https://www.nytimes.com/2021/02/04/movies/two-of-us-review-thwarted-love.html,An older lesbian couple is met with unexpected devastation in this aching romantic drama by Filippo Meneghetti.,The New York Times,"subject: Movies;persons: Sukowa, Barbara;creative_works: Two of Us (Movie);persons: Meneghetti, Filippo;",2021-02-04T12:00:03+0000,313,‘Two of Us’ Review: Thwarted Love,,,Two of Us,,,,By Beatrice Loayza,
Stay Prayed Up,Stay Prayed Up,0,en,,"Lena Mae “Mother” Perry, the backbone of her community, cooks for crowds, tends to the needy, and boy, can she sing! After 50 years leading the dynamic, down-home gospel group The Branchettes, the octogenarian powerhouse, armed with her unwavering faith, shows no signs of slowing down. Taking us inside her loving community while following the recording of the group’s first album, this film is bursting with warmth, joy, and soul-stirring gospel music.",0.022,73,0,2021-09-01,0.0,0,Documentary,English,United States of America,https://www.nytimes.com/2022/06/16/movies/stay-prayed-up-review.html,"A new documentary about the gospel ensemble the Branchettes and its guiding light, Lena Mae Perry, is a plain-spoken tribute.",The New York Times,"subject: Documentary Films and Programs;subject: Gospel Music;creative_works: Stay Prayed Up (Movie);subject: Content Type: Personal Profile;persons: Perry, Lena Mae;organizations: Branchettes (Music Group);persons: Anderson, DL (Filmmaker);persons: Durning, Matthew;",2022-06-16T11:00:08+0000,330,‘Stay Prayed Up’ Review: Spreading the Gospel of Love,,,Stay Prayed Up,,,,By Glenn Kenny,
Asia,Crazy Rich Asians,30000000,en,http://crazyrichasiansmovie.com,"An American-born Chinese economics professor accompanies her boyfriend to Singapore for his best friend's wedding, only to get thrust into the lives of Asia's rich and famous.",102.156,121,238539198,2018-08-15,7.066,3539,"Comedy, Romance","广州话 / 廣州話, 普通话, English",United States of America,https://www.nytimes.com/2021/06/10/movies/asia-review.html,This drama about a young single mother and a terminally ill daughter avoids sentimentalism but indulges heavily in dourness.,The New York Times,"subject: Movies;persons: Haas, Shira;persons: Pribar, Ruthy;persons: Yiv, Alena;",2021-06-10T11:00:15+0000,290,‘Asia’ Review: Tough Love and an Indecent Proposal,,,Asia,,,,By Devika Girish,
The In Between,The In Between,0,en,https://www.netflix.com/title/81447264,"After surviving a car accident that took the life of her boyfriend, a teenage girl believes he's attempting to reconnect with her from the after world.",29.154,116,0,2022-02-11,7.378,684,"Romance, Science Fiction, Drama",English,United States of America,https://www.nytimes.com/2022/02/11/movies/the-in-between-review.html,A teenage girl thinks that her dead boyfriend’s spirit is reaching out from the Great Beyond.,The New York Times,"persons: King, Joey;persons: Allen, Kyle (1994- );subject: Movies;persons: Posin, Arie;creative_works: The In Between (Movie);",2022-02-11T08:00:06+0000,285,‘The In Between’ Review: Love Never Dies,,,The In Between,,,,By Lena Wilson,
Anaïs in Love,Les Amours d’Anaïs,0,fr,,A young woman struggling to stay on top of everything in her life meets a married publisher and begins an affair with him.,16.328,98,41356,2021-09-15,6.2,139,"Drama, Romance, Comedy","Français, English",France,https://www.nytimes.com/2022/04/28/movies/anais-in-love-review.html,"A restless woman discovers herself in a seductive French romance that throws out the usual dusty script about women, desire and pleasure.",The New York Times,"subject: Movies;persons: Bourgeois-Tacquet, Charline;creative_works: Anais in Love (Movie);",2022-04-28T16:18:57+0000,842,‘Anaïs in Love’ Review: Portrait of a Woman on the Run,Critic’s Pick,,Portrait of a Restless Heart,,,,By Manohla Dargis,
I Love My Dad,I Love My Dad,0,en,http://www.magpictures.com/ilovemydad/,A hopelessly estranged father catfishes his son in an attempt to reconnect.,8.231,90,0,2022-08-05,5.8,43,Comedy,English,United States of America,https://www.nytimes.com/2022/08/04/movies/i-love-my-dad-review.html,This comedy is a daddy-issues movie with a queasy premise truly made for these times.,The New York Times,"subject: Movies;persons: Oswalt, Patton;creative_works: I Love My Dad (Movie);persons: Morosini, James;",2022-08-04T11:00:05+0000,418,‘I Love My Dad’ Review: A Father Catfishes His Son,,,A Father Catfishes His Son. We Just Wait for the Ick.,,,,By Glenn Kenny,
Ordinary Love,Ordinary Love,0,en,https://bleeckerstreetmedia.com/ordinary-love-film,An extraordinary look at the lives of a middle-aged couple in the midst of the wife's breast cancer diagnosis.,18.429,92,0,2019-12-06,6.868,133,"Drama, Romance",English,"Ireland, United Kingdom",https://www.nytimes.com/2020/02/12/movies/ordinary-love-review.html,Lesley Manville and Liam Neeson play a married couple facing a cancer diagnosis.,The New York Times,"subject: Movies;creative_works: Ordinary Love (Movie);persons: Neeson, Liam;persons: Manville, Lesley;persons: D'Sa, Lisa Barros;persons: Leyburn, Glenn;",2020-02-12T19:46:45+0000,569,‘Ordinary Love’ Review: In Sickness and in Health,,,Old-Sweater Lives,,,,By A.O. Scott,
The Pink Cloud,A Nuvem Rosa,0,pt,,"Giovana and Yago are strangers who share a spark after meeting at a party. When a deadly cloud mysteriously takes over their city, they are forced to seek shelter with only each other for company. As months pass and the planet settles into an extended quarantine, their world shrinks, and they are forced to come to terms with an accelerated timeline for their relationship. With all their other interactions governed by screens, and with the strain of isolation setting in, Giovana and Yago struggle to reinvent themselves and reconcile the differences that threaten to tear them apart.",3.965,105,0,2021-04-01,6.0,30,"Drama, Science Fiction",Português,Brazil,https://www.nytimes.com/2022/01/13/movies/the-pink-cloud-review.html,Iuli Gerbase’s first feature film reflects a funhouse-mirror image of our present lives.,The New York Times,"subject: Movies;creative_works: The Pink Cloud (Movie);persons: Gerbase, Iuli;",2022-01-13T12:00:05+0000,316,‘The Pink Cloud’ Review: Love in Lockdown,,,The Pink Cloud,,,,By Claire Shaffer,
Running Against the Wind,Running Against The Wind,0,am,,"The film follows the fate of two boys, one of whom hopes to become an Olympic runner and the other a photographer.",2.167,112,0,2023-07-20,6.5,1,Drama,,"Ethiopia, Germany",https://www.nytimes.com/2021/07/08/movies/running-against-the-wind-review.html,Two childhood best friends reunite in this unfocused yet uplifting sports drama by the filmmaker Jan Philipp Weyl.,The New York Times,"subject: Movies;creative_works: Running Against the Wind (Movie);persons: Weyl, Jan Philipp;",2021-07-08T11:00:05+0000,342,‘Running Against the Wind’ Review: Love and Friendship in Addis Ababa,,,Running Against the Wind,,,,By Beatrice Loayza,
"Frank & Lola,’ Retreading Old Groun",Mijn beste vriendin Anne Frank,0,nl,https://www.netflix.com/title/81248111,"Based on the real-life friendship between Anne Frank and Hannah Goslar, from Nazi-occupied Amsterdam to their harrowing reunion in a concentration camp.",15.047,103,0,2021-10-07,6.836,235,"History, War, Drama","Deutsch, Nederlands",Netherlands,https://www.nytimes.com/2016/12/08/movies/frank-and-lola-review-michael-shannon-imogen-poots.html,"Frankie and Johnny’s story returns, written and directed by Matthew Ross, but not much has changed except the actors and how well they fit together.",The New York Times,"subject: Movies;persons: Shannon, Michael;creative_works: Frank & Lola (Movie);persons: Ross, Matthew (1976- );persons: Poots, Imogen;",2016-12-08T22:05:30+0000,554,"Review: ‘Frank & Lola,’ Retreading Old Ground",,,Tainted Love in Familiar Packaging,,,,By Manohla Dargis,
Loro,Loro,0,it,,"Internationally released Director's Cut of ""Loro 1"" and ""Loro 2"", which were released separately as two movies in Italy. The film talks about the group of businessmen and politicians – the Loro (Them) from the title – who live and act near to media tycoon and politician Silvio Berlusconi in the years between 2006 and 2009.",9.373,157,0,2018-09-13,6.7,279,Drama,Italiano,"France, Italy",https://www.nytimes.com/2019/09/19/movies/loro-review.html,Toni Servillo plays the former Italian Prime Minister Silvio Berlusconi in Paolo Sorrentino’s extravagant portrait.,The New York Times,"subject: Movies;creative_works: Loro (Movie);persons: Servillo, Toni;persons: Sorrentino, Paolo;persons: Berlusconi, Silvio;glocations: Italy;",2019-09-19T17:27:07+0000,820,"‘Loro’ Review: A Corrupt Leader, and the People Who Love Him",,,Corruption and Charisma Personified,,,,By A.O. Scott,
Asako I & II,寝ても覚めても,0,ja,http://www.netemosametemo.jp/,"College student Asako falls in love at first sight with Baku after meeting at a photography exhibit. Romance sparks between the two but doesn't last long when Baku suddenly disappears from her life. Two years later, she spots a man that bears a striking resemblance to him. Even though it is only his physical similarities to Baku that attracted her to him, she doesn't say so and starts dating the soft-spoken young man called Ryohei.",16.829,119,0,2018-09-01,6.808,167,"Drama, Romance","日本語, English",Japan,https://www.nytimes.com/2019/05/16/movies/asako-i-and-ii-review.html,The Japanese director Ryusuke Hamaguchi follows up his marathon “Happy Hour” with a story of love among young urbanites.,The New York Times,"subject: Movies;creative_works: Asako I & II (Movie);persons: Hamaguchi, Ryusuke;",2019-05-16T11:00:01+0000,547,‘Asako I & II’ Review: Double the Love (and the Heartbreak),Critic’s Pick,,Falling For a Drifter And His Lookalike,,,,By Glenn Kenny,
The Attachment Diaries,El apego,0,es,,"Argentina, 1970s. A desperate young woman goes to a clinic to have a clandestine abortion. As her pregnancy is already through the fourth month, the doctor refuses. Instead, she proposes to sell the baby to one of her clients and offers to provide shelter in her house until the child is born. Their disturbed personalities will become intertwined in a strange and dangerous relationship.",2.24,102,0,2021-10-07,3.0,4,"Drama, Mystery, Thriller, Horror",Español,Argentina,https://www.nytimes.com/2023/05/25/movies/the-attachment-diaries-review.html,"A gynecologist and her patient form a horrifyingly twisted connection in this batty, bloody Argentine melodrama.",The New York Times,"subject: Movies;creative_works: The Attachment Diaries (Movie);persons: Diment, Valentin Javier;",2023-05-25T11:00:03+0000,295,"‘The Attachment Diaries’ Review: Love, Sick",,,The Attachment Diaries,,,,By Jeannette Catsoulis,
Babyteeth,Babyteeth,0,en,http://babyteeth.movie,A terminally ill teen upsets her parents when she falls in love with a small-time drug dealer.,12.787,118,989310,2020-06-15,6.846,331,"Drama, Comedy, Romance",English,Australia,https://www.nytimes.com/2020/06/18/movies/babyteeth-review.html,"Eliza Scanlen plays a seriously ill high schooler who falls for the wrong guy who turns out to have the right stuff, after all.",The New York Times,"subject: Movies;creative_works: Babyteeth (Movie);persons: Murphy, Shannon (Film Director);persons: Scanlen, Eliza;persons: Wallace, Toby (1996- );",2020-06-18T16:31:36+0000,517,"‘Babyteeth’ Review: Love Means Never Having, Well, You Know",,,"Love Means Never Having, Well, You Know",,,,By Manohla Dargis,
The Other Half,The Other Half,0,en,http://theotherhalfmovie.com/,A grief-stricken man and a bipolar woman fall in love and attempt to forge a simple life together.,5.348,103,0,2016-12-02,6.3,24,"Drama, Romance",English,Canada,https://www.nytimes.com/2017/03/09/movies/the-other-half-review-tatiana-maslany.html,This moody romance stars Tatiana Maslany (“Orphan Black”) as a bipolar painter in love with a brooding cabby (Tom Cullen of “Downton Abbey”).,The New York Times,"subject: Movies;creative_works: The Other Half (Movie);persons: Maslany, Tatiana;persons: Cullen, Tom (1985- );persons: Klein, Joey (Film Director);",2017-03-09T21:54:58+0000,251,Review: A Combustible Pair Find Love in ‘The Other Half’,,,Review: A Combustible Pair Find Love in ‘The Other Half’,,,,By Andy Webster,
You Go to My Head,You Go To My Head,0,fr,http://yougotomyhead.com/,"Following a mysterious car accident in the desert, Dafne suffers from post-traumatic amnesia. Jake, the first person she sees when she regains consciousness, tells her he's her husband.",4.499,116,0,2017-10-26,6.5,11,"Drama, Mystery, Romance, Thriller","Français, English","Belgium, France, Germany",https://www.nytimes.com/2020/02/13/movies/you-go-to-my-head-review.html,A mysterious architect persuades an amnesiac that she’s his wife in this elusive romance set in the Sahara.,The New York Times,"subject: Movies;creative_works: You Go to My Head (Movie);persons: de Clercq, Dimitri;",2020-02-13T12:00:05+0000,292,‘You Go to My Head’ Review: Untrue Love,Critic’s Pick,,Designing a Love Story,,,,By Jeannette Catsoulis,
Ammonite,Ammonite,0,en,https://www.ammonite-movie.com,"In 1840s England, palaeontologist Mary Anning and a young woman sent by her husband to convalesce by the sea develop an intense relationship. Despite the chasm between their social spheres and personalities, Mary and Charlotte discover they can each offer what the other has been searching for: the realisation that they are not alone. It is the beginning of a passionate and all-consuming love affair that will defy all social bounds and alter the course of both lives irrevocably.",18.399,118,1396905,2020-11-13,7.001,546,"Romance, Drama",English,United Kingdom,https://www.nytimes.com/2020/11/12/movies/ammonite-review.html,Kate Winslet’s fossil hunter and Saoirse Ronan’s convalescent embark on a forbidden seaside romance.,The New York Times,"subject: Movies;persons: Ronan, Saoirse;persons: Winslet, Kate;persons: Lee, Francis (1969- );creative_works: Ammonite (Movie);",2020-11-12T12:00:04+0000,510,‘Ammonite’ Review: Love on the Rocks,Critic’s Pick,,Love on the Rocks,,,,By Jeannette Catsoulis,
Annette,Annette,15500000,fr,https://www.amazon.com/dp/B093KHDSHR,"The story of Henry, a stand-up comedian with a fierce sense of humour and Ann, a singer of international renown. In the spotlight, they are the perfect couple, healthy, happy, and glamourous. The birth of their first child, Annette, a mysterious girl with an exceptional destiny, will change their lives.",24.216,140,3700000,2021-07-07,6.8,656,"Drama, Romance","English, Français","Belgium, France, Germany, Greece, Japan, Mexico, Switzerland",https://www.nytimes.com/2021/08/05/movies/annette-review.html,"Adam Driver and Marion Cotillard are star-crossed lovers in this hallucinatory musical, written by Sparks and directed by Leos Carax.",The New York Times,"subject: Movies;persons: Carax, Leos;persons: Cotillard, Marion;persons: Driver, Adam;persons: Mael, Ron;persons: Mael, Russell;creative_works: Annette (Movie);organizations: Sparks (Music Group);",2021-08-05T11:00:07+0000,1069,‘Annette’ Review: Love Hurts,Critic’s Pick,,A Star Is Born. You Won’t Like Him.,,,,By A.O. Scott,
Alone Together,Alone Together,0,en,,"Strangers June and Charlie wind up double-booked in the same upstate New York Airbnb during the start of COVID-19. Exasperating the situation, the lockdown forces them both to stay and confront the unexpected feelings that develop between them.",12.941,101,0,2022-07-22,5.035,43,"Romance, Drama",English,United States of America,https://www.nytimes.com/2022/07/21/movies/alone-together-review.html,"Katie Holmes writes, directs and stars in this minor-key rom-com set in 2020.",The New York Times,"subject: Movies;persons: Holmes, Katie;creative_works: Alone Together (Movie);",2022-07-21T15:37:18+0000,254,‘Alone Together’ Review: Finding Love in a Pandemic Retreat,,,Alone Together,,,,By Teo Bugbee,
City of Gold,City of Gold,0,en,,"As the unabashed cradle of Hollywood superficiality and smoggy urban sprawl, Los Angeles has long been condemned as a cultural wasteland. In the richly penetrating documentary odyssey City of Gold, Pulitzer Prize-winning food critic Jonathan Gold shows us another Los Angeles, where ethnic cooking is a kaleidoscopic portal to the mysteries of an unwieldy city and the soul of America.",10.758,96,0,2016-03-11,6.1,27,Documentary,English,,https://www.nytimes.com/2016/03/11/movies/city-of-gold-review.html,"Laura Gabbert’s documentary follows the food critic Jonathan Gold in his pursuit of excellence, which can lead to a taco truck or a high-end restaurant.",The New York Times,"subject: Movies;persons: Gabbert, Laura;persons: Gold, Jonathan;subject: Documentary Films and Programs;organizations: Los Angeles Times;glocations: Los Angeles (Calif);subject: Restaurants;creative_works: City of Gold (Movie);",2016-03-10T12:15:44+0000,704,Review: Tastes of Los Angeles in ‘City of Gold’,,,"He Loves L.A., Especially Its Food Scene",,,,By A.O. Scott,
Love After Love,L'économie du couple,0,fr,,Marie and Boris decide to get a divorce after 15 years of marriage. Tensions rise when cash-strapped Boris must continue to live with Marie and the two children while trying to figure out how to divide the assets.,14.167,98,0,2016-06-08,6.1,115,Drama,Français,"Belgium, France",https://www.nytimes.com/2022/03/17/movies/love-after-love-review.html,Ann Hui’s World War II-era film is lovely to look at but lacks emotional depth and resonance.,The New York Times,"subject: Movies;organizations: MUBI Inc;persons: Hui, Ann;persons: Peng, Eddie (1982- );glocations: Hong Kong;creative_works: Love After Love (Movie);",2022-03-17T11:00:12+0000,292,‘Love After Love’ Review: Elegance Without a Center,,,Love After Love,,,,By Claire Shaffer,
Sorry Angel,"Plaire, aimer et courir vite",0,fr,,Jacques is a writer living in Paris. He hasn't turned 40 but already mistrusts that the best in life is yet to come. Arthur is a student living in Brittany. He reads and smiles a lot and refuses to think that everything in life might not be possible. Jacques and Arthur will like each other. Just like in a lovely dream. Just like in a sad story.,70.855,132,1631910,2018-05-09,6.8,212,"Comedy, Drama, Romance","Français, Español",France,https://www.nytimes.com/2019/02/12/movies/sorry-angel-review.html,"Set in early 1990s Paris, Christophe Honoré’s new film presents us with a middle-aged, H.I.V.-stricken writer falling, wearily, for a bookish 20-something.",The New York Times,"subject: Movies;creative_works: Sorry Angel (Movie);persons: Honore, Christophe;",2019-02-12T21:46:52+0000,491,"‘Sorry Angel’ Review: A Love Affair Two Men Start, Knowing the End",Critic’s Pick,,Attraction: That’s the Easy Part,,,,By Glenn Kenny,
About Fate,About Fate,0,en,,"Two strangers believe in love but never seem to be able to find its true meaning. In a wild twist of events, fate puts each in the other's path on one stormy New Year's Eve.",37.467,100,0,2022-09-08,7.459,363,"Romance, Comedy",English,United States of America,https://www.nytimes.com/2022/09/08/movies/about-fate-review.html,"Thomas Mann’s beguiling performance drives this Emma Roberts vehicle, but the romantic comedy creaks under the weight of its coincidences.",The New York Times,"subject: Movies;creative_works: About Fate (Movie);persons: Vaysberg, Marius;persons: Mann, Thomas (1991- );persons: Roberts, Emma (1991- );",2022-09-09T01:00:03+0000,289,‘About Fate’ Review: Love the One You’re With?,,,About Fate,,,,By Lisa Kennedy,
Love & Gelato,Romantik Hırsız,0,tr,https://www.netflix.com/title/81689799,"After learning that the art thief she has been chasing is her ex-lover, an officer working for Interpol concocts a plan to catch him red-handed.",73.673,99,0,2024-03-13,6.527,112,"Romance, Action, Drama",Türkçe,Turkey,https://www.nytimes.com/2022/06/22/movies/love-gelato-review.html,A mother’s final wish leads her daughter to retrace her Roman holiday in this lighthearted coming-of-age story.,The New York Times,"subject: Movies;creative_works: Love & Gelato (Movie);persons: Camp, Brandon (1971- );",2022-06-23T03:06:01+0000,288,"‘Love & Gelato’ Review: A Young Girl, Transfigured by Italy",,,Love &amp; Gelato,,,,By Teo Bugbee,
First Love,First Love,0,en,,"A young man’s difficult entry into adulthood, who experiences the highs and lows of his first love, while dealing with the familial fallout spurred by the financial crisis of 2008.",24.017,95,0,2022-06-17,5.649,124,"Romance, Drama","English, Português",United States of America,https://www.nytimes.com/2019/09/26/movies/first-love-review.html,The prolific director Takashi Miike delivers an unusually satisfying Japanese genre romp.,The New York Times,"subject: Movies;persons: Miike, Takashi;creative_works: First Love (Movie);",2019-09-26T11:00:06+0000,398,‘First Love’ Review: Eluding Assassins With the Help of a Boxer,Critic’s Pick,,"Assassin Variations, by Way of Japan",,,,By Glenn Kenny,
Ride or Die,Bad Boys: Ride or Die,100000000,en,https://www.badboys.movie,"After their late former Captain is framed, Lowrey and Burnett try to clear his name, only to end up on the run themselves.",1919.105,115,289202067,2024-06-05,7.029,431,"Action, Crime, Thriller, Comedy",English,United States of America,https://www.nytimes.com/2021/04/15/movies/ride-or-die-review.html,"After upending her life, a woman runs away with her longtime crush in this puzzling Japanese drama.",The New York Times,"subject: Movies;creative_works: Ride or Die (Movie);persons: Hiroki, Ryuichi;",2021-04-15T11:00:03+0000,338,‘Ride or Die’ Review: Killing for Love,,,This Is Somehow a Love That’s Worth Killing For,,,,By Natalia Winkelman,
Happier Than Ever,Nunca Fomos Tão Felizes,0,pt,,"During the military dictatorship, a political militant takes his son out of the boarding school, and puts him temporarily in a friend's luxury and empty apartment in Copacabana beach. The son knows very little about his father, and the latter cannot really explain his activities to his son, fearing for his security. So the young man stands alone in the huge apartment, waiting for the infrequent meetings with his father, without really knowing what's going on.",5.428,91,0,1984-08-28,4.7,6,Drama,Português,Brazil,https://www.nytimes.com/2021/09/02/movies/happier-than-ever-review.html,"In the Disney+ concert film “Happier Than Ever: A Love Letter to Los Angeles,” the pop star Billie Eilish pays tribute to the star-struck hauntedness of that city.",The New York Times,"subject: Documentary Films and Programs;subject: Music;persons: Eilish, Billie;persons: Rodriguez, Robert;creative_works: Happier Than Ever: A Love Letter to Los Angeles (Movie);persons: Osborne, Patrick (Film Director);glocations: Los Angeles (Calif);",2021-09-02T11:00:07+0000,302,‘Happier Than Ever’ Review: Modern Pop Meets Classic Hollywood,,,Happier Than Ever:  A Love Letter  to Los Angeles,,,,By Teo Bugbee,
Love Wedding Repeat,Love Wedding Repeat,0,en,https://www.netflix.com/title/80227754,"While trying to make his sister's wedding day go smoothly, Jack finds himself juggling an angry ex-girlfriend, an uninvited guest with a secret, a misplaced sleep sedative, and the girl that got away in alternate versions of the same day.",18.991,100,0,2020-04-10,5.6,688,"Comedy, Romance","English, Italiano","United Kingdom, Italy",https://www.nytimes.com/2020/04/10/movies/love-wedding-repeat-review-a-tumble-down-the-aisle.html,A couple’s reception becomes a disaster (or does it?) in this comedy of multiple errors.,The New York Times,"subject: Movies;creative_works: Love Wedding Repeat (Movie);persons: Craig, Dean (1974- );persons: Claflin, Sam;persons: Munn, Olivia;",2020-04-10T07:01:05+0000,414,‘Love Wedding Repeat’ Review: A Tumble Down the Aisle,Movie Review,,Pratfalling Down The Aisle,,,,By Amy Nicholson,
Black Mother,Black Mother,0,en,https://dogwoof.com/blackmother,"Part film, part baptism, in BLACK MOTHER director Khalik Allah brings us on a spiritual journey through Jamaica. Soaking up its bustling metropolises and tranquil countryside, Allah introduces us to a succession of vividly rendered souls who call this island home. Their candid testimonies create a polyphonic symphony, set against a visual prayer of indelible portraiture. Thoroughly immersed between the sacred and profane, BLACK MOTHER channels rebellion and reverence into a deeply personal ode informed by Jamaica’s turbulent history but existing in the urgent present.",3.118,77,0,2018-11-02,6.6,15,Documentary,English,United States of America,https://www.nytimes.com/2019/03/06/movies/black-mother-review.html,"In Khalik Allah’s poetic movie, the most prevalent perspective is not that of a documentarian, but of a filmmaker’s love.",The New York Times,"subject: Documentary Films and Programs;persons: Allah, Khalik (1985- );creative_works: Black Mother (Movie);",2019-03-06T18:30:16+0000,380,‘Black Mother’ Review: Exploring the Roots of Life Itself,Critic’s Pick,,"Exploring the Roots of Life Itself, With Love",,,,By Glenn Kenny,
I Love America,I Love America,0,fr,,"A single woman who decides to take a chance on love again by catapulting her life from Paris to Los Angeles. From awkward dates to touching surprise encounters, she understands the journey to love is a journey towards herself.",7.578,102,0,2022-03-11,5.1,74,"Comedy, Romance","Français, English, Español","United States of America, France",https://www.nytimes.com/2022/04/28/movies/i-love-america-review.html,The determinedly uplifting comedy follows a 50-year-old French filmmaker as she dates in Los Angeles.,The New York Times,"subject: Movies;persons: Marceau, Sophie;creative_works: I Love America (Movie);persons: Azuelos, Lisa;",2022-04-28T11:00:07+0000,291,‘I Love America’ Review: The Gauche Rituals of Modern Romance,,,I Love America,,,,By Nicolas Rapold,
"My Love, Don’t Cross That River","님아, 그 강을 건너지 마오",0,ko,,"There live a couple known as ""100-year-old lovebirds."" As fairy tale's characters, the husband is strong like a  woodman, and the wife is full of charms like a princess. They dearly love each other wearing Korean traditional clothes all the time, and still fall asleep hand in hand. However, the death, quietly and like a thief, sit between them. This film starts from this moment, and follows the last moments of 76 years of their marriage.",3.365,86,0,2014-11-27,7.5,22,"Documentary, Romance, Drama",한국어/조선말,South Korea,https://www.nytimes.com/2016/06/17/movies/my-love-dont-cross-that-river-review.html,A film that captures the extraordinary love and profound bond of a couple living in Gangwon Province in South Korea.,The New York Times,"subject: Movies;persons: Jin Mo-young;subject: Documentary Films and Programs;subject: Marriages;glocations: South Korea;persons: Jo Byong-man;persons: Kang Gye-yeul;creative_works: My Love, Don't Cross That River (Movie);",2016-06-16T20:56:08+0000,249,"Review: A Couple’s Adoration After 76 Years of Marriage in ‘My Love, Don’t Cross That River’",,,,,,,By Andy Webster,
God’s Own Country,God's Own Country,0,en,http://www.godsowncountryfilm.com,"A young farmer in rural Yorkshire numbs his daily frustrations with binge drinking and casual sex, until the arrival of a Romanian migrant worker.",27.929,105,2559939,2017-08-31,7.8,876,"Romance, Drama","English, Română",United Kingdom,https://www.nytimes.com/2017/10/24/movies/gods-own-country-review.html,"This feature debut of the writer and director Francis Lee is a bracing, sometimes brutal movie.",The New York Times,"subject: Movies;creative_works: God's Own Country (Movie);persons: Lee, Francis (1969- );persons: O'Connor, Josh (Actor);persons: Secareanu, Alec;",2017-10-24T11:00:24+0000,295,"Review: Love Is Wild, if Not Pretty, in ‘God’s Own Country’",,,"Love Is Wild, if Not Always Pretty",,,,By Jeannette Catsoulis,
La Mami,La Mami,0,es,http://gadeafilms.com/la-mami,"One of the rooms inside the legendary Barba Azul Cabaret has become a shelter for the girls working there: the women's bathroom. Every night La Mami, who's in charge of the bathrooms, offers them the warmth and the advice they need to take on the challenge they face in the dance hall.",1.792,82,0,2020-01-27,6.2,4,Documentary,Español,"Mexico, Spain",https://www.nytimes.com/2022/04/07/movies/la-mami-review-tough-love.html,This documentary about the den mother of dancers at a Mexico City cabaret is vérité at its best.,The New York Times,"subject: Documentary Films and Programs;subject: Women and Girls;subject: Dancing;subject: Bars and Nightclubs;subject: Labor and Jobs;subject: Content Type: Personal Profile;glocations: Mexico City (Mexico);glocations: Mexico;creative_works: La Mami (Movie);persons: Garvin, Laura Herrero;",2022-04-07T11:00:04+0000,278,‘La Mami’ Review: Tough Love,Critic’s Pick,,La Mami,,,,By Beandrea July,
Untogether,Untogether,0,en,,"Once considered a teen prodigy, a recovering addict sobers up and tries to get her writing career back on track. She begins a relationship with a rising author known for his wartime memoirs.",9.307,98,0,2019-02-08,5.5,43,"Comedy, Drama",English,United States of America,https://www.nytimes.com/2019/02/07/movies/untogether-review.html,Jemima Kirke and Lola Kirke play damaged siblings in this exasperatingly affected romantic drama from Emma Forrest.,The New York Times,"subject: Movies;persons: Dornan, Jamie;persons: Kirke, Jemima;persons: Kirke, Lola;creative_works: Untogether (Movie);persons: Forrest, Emma;",2019-02-07T12:00:01+0000,269,"‘Untogether’ Review: Adrift in Los Angeles, Looking for Love",,,Untogether,,,,By Jeannette Catsoulis,
Deep Water,Deep Water,49000000,en,https://www.hulu.com/movie/deep-water-2c4ae82e-2c1b-41d5-a651-82189d1c8b2c,"Vic and Melinda Van Allen are a couple in the small town of Little Wesley. Their loveless marriage is held together only by a precarious arrangement whereby, in order to avoid the messiness of divorce, Melinda is allowed to take any number of lovers as long as she does not desert her family.",100.649,116,0,2022-03-18,5.796,1294,"Drama, Mystery, Thriller",English,United States of America,https://www.nytimes.com/2022/03/17/movies/deep-water-review.html,An unhappy husband raises suspicions when his wife’s lovers begin to disappear.,The New York Times,"subject: Movies;creative_works: Deep Water (Movie);persons: Affleck, Ben;persons: Lyne, Adrian;persons: de Armas, Ana;",2022-03-17T11:00:05+0000,534,‘Deep Water’ Review: Love and Loathing in New Orleans,,,A Non-Erotic Non-Thriller,,,,By Jeannette Catsoulis,
"Love, Guaranteed","Love, Guaranteed",0,en,https://www.netflix.com/title/81076898,A lawyer takes on a new client that wants to sue a dating website because it guarantees love.,17.147,91,0,2020-09-02,6.406,633,"Romance, Comedy",English,United States of America,https://www.nytimes.com/2020/09/03/movies/love-guaranteed-review-swiping-left-on-online-dating.html,Rachael Leigh Cook stars in this rom-com about a lawyer and her charming new client who wants to sue a dating website for falsely promising love.,The New York Times,"subject: Movies;persons: Cook, Rachael Leigh;persons: Wayans, Damon Jr;persons: Johnson, Mark Steven;creative_works: Love, Guaranteed (Movie);",2020-09-03T07:01:05+0000,343,"‘Love, Guaranteed’ Review: Swiping Left on Online Dating",,,"Love, Guaranteed",,,,By Natalia Winkelman,
Leto,Leto,0,sh,,,1.964,80,0,1988-01-01,0.0,0,"Family, Drama, TV Movie",,Yugoslavia,https://www.nytimes.com/2019/06/06/movies/leto-review.html,Kirill Serebrennikov’s gentle mood piece brings an underground music scene to vivid life.,The New York Times,"subject: Music;creative_works: Leto (Movie);persons: Serebrennikov, Kirill S;",2019-06-06T11:00:02+0000,283,‘Leto’ Review: Love and Rock in Leningrad,Critic’s Pick,,Leto,,,,By Jeannette Catsoulis,
Pretenders,Pretenders,0,en,,"A love triangle involving a photographer, a director and an actress.",7.163,95,0,2019-09-27,5.6,13,Drama,English,United States of America,https://www.nytimes.com/2019/10/03/movies/pretenders-review.html,"Directed by James Franco and featuring James Franco, this film indulges in a distasteful brand of nostalgia.",The New York Times,"subject: Movies;persons: Franco, James;creative_works: Pretenders (Movie);",2019-10-03T11:00:07+0000,276,"‘Pretenders’ Review: A Little New Wave Love, a Lot of Misogyny",,,Pretenders,,,,By Glenn Kenny,
Pimp,Pimp,0,en,,"An urban love story set on the hard streets of the Bronx. A struggling female pimp, named Wednesday, grows up learning the game from her dad. Once he's gone she's left to look out for her prostitute mother and girlfriend Nikki.",8.531,86,0,2018-11-09,6.3,29,Drama,English,United States of America,https://www.nytimes.com/2018/11/08/movies/pimp-review.html,This lurid melodrama follows a female pimp (Keke Palmer) and her girlfriend-prostitute.,The New York Times,"subject: Movies;persons: Palmer, Keke;persons: Gathegi, Edi;persons: Crokos, Christine;creative_works: Pimp (Movie);",2018-11-08T12:00:01+0000,270,‘Pimp’ Review: Blaxploitation and Lesbian Love,,,Pimp,,,,By Jeannette Catsoulis,
The Princess of France,La princesa de Francia,0,es,,"A year after his father’s death, Victor returns to Buenos Aires in order to reconquer the life he was forced to abandon. He brings a new project with him for his former theater company: a radio-play of Shakespeare’s “Love’s Labour’s Lost”.",3.639,65,0,2014-08-07,6.1,7,Comedy,Español,"Argentina, France",https://www.nytimes.com/2015/06/26/movies/review-shakespeare-and-love-cuddle-up-in-the-princess-of-france.html,Modern life among the overcultured and underemployed urban young in the latest from the Argentine writer-director Matías Piñeiro.,The New York Times,"subject: Movies;persons: Pineiro, Matias;",2015-06-25T23:04:26+0000,526,Review: Shakespeare and Love Cuddle Up in ‘The Princess of France’,,,Elizabethan Embraces and Games,,,,By A.O. Scott,
Shéhérazade,Shéhérazade,0,fr,,"Zachary, 17 years old, gets out of jail. Rejected by his mother, he hangs out in the mean streets of Marseille. He falls in love with Shéhérazade, a young prostitute of whom he becomes the pimp without realizing it...",8.15,106,0,2018-09-05,7.2,246,"Drama, Thriller, Romance",Français,France,https://www.nytimes.com/2019/05/10/movies/sheherazade-review.html,The options are few and most of them involve risk or further deprivation for these French teenagers who face the world with little support.,The New York Times,"subject: Movies;organizations: Netflix Inc;creative_works: Sheherazade (Movie);persons: Marlin, Jean-Bernard;",2019-05-10T11:00:01+0000,350,‘Shéhérazade’ Review: Love in the Mean Streets of Marseille,Streaming Movie Review,,,,,,By Helen T. Verongos,
Love Hard,Love Hard,0,en,https://www.netflix.com/title/81086631,"An LA girl, unlucky in love, falls for an East Coast guy on a dating app and decides to surprise him for Christmas, only to discover that she's been catfished. But the object of her affection actually lives in the same town, and the guy who duped her offers to set them up if she pretends to be his own girlfriend for the holidays.",19.634,105,0,2021-11-05,6.952,1428,"Comedy, Romance",English,United States of America,https://www.nytimes.com/2021/11/05/movies/love-hard-review.html,"When a perennially single journalist travels across the country to meet her dream guy, she finds she’s been catfished.",The New York Times,"subject: Movies;creative_works: Love Hard (Movie);persons: Jimenez, Hernan;",2021-11-05T07:01:03+0000,343,"‘Love Hard’ Review: Seeking Connection, Not Perfection",,,Love Hard,,,,By Concepción de León,
"Pamela, a Love Story","Pamela, A Love Story",0,en,https://www.netflix.com/title/81590934,"In her own words, through personal video and diaries, Pamela Anderson shares the story of her rise to fame, rocky romances and infamous sex tape scandal.",19.226,113,0,2023-01-30,6.978,208,Documentary,English,United States of America,https://www.nytimes.com/2023/01/31/movies/pamela-a-love-story-review.html,"This documentary from Ryan White rewinds, to powerful effect, on Pamela Anderson’s life and fame.",The New York Times,"subject: Documentary Films and Programs;persons: Anderson, Pamela (1967- );persons: White, Ryan (Filmmaker);creative_works: Pamela, a Love Story (Movie);",2023-01-31T12:00:05+0000,295,"‘Pamela, a Love Story’ Review: A Frank Look Back",,,"Pamela, a Love Story",,,,By Glenn Kenny,
Museum Town,Museum Town,0,en,https://www.museumtownmovie.com/,A rural American town suffering economically from factory closures finds an unconventional route to recovery with the help of MASS MoCA.,1.667,75,0,2019-03-10,0.0,0,Documentary,English,United States of America,https://www.nytimes.com/2020/12/17/movies/museum-town-review.html,This documentary looks at how a contemporary art museum in Western Massachusetts transformed a struggling small town.,The New York Times,"subject: Documentary Films and Programs;subject: Art;creative_works: Museum Town (Movie);persons: Trainer, Jennifer;organizations: Massachusetts Museum of Contemporary Art;subject: Museums;glocations: North Adams (Mass);",2020-12-17T15:49:52+0000,280,‘Museum Town’ Review: A Love Letter to Mass MoCA,,,Museum Town,,,,By Lovia Gyarkye,
Future People,Future People: The Family of Donor 5114,0,en,,"Filmed over eight years, Rothman follows a group of adolescents who discover that they were conceived from the same sperm donor, forming an unlikely family of familiar strangers. There are presently 37 half-siblings, and counting. This documentary explores the complexities of alternative conception while defining a new realm of modern family.",0.515,102,0,2021-04-09,0.0,0,Documentary,English,United States of America,https://www.nytimes.com/2021/04/09/movies/future-people-review.html,This documentary chronicles eight years in the lives of a group of children who form a bond after discovering they were conceived by the same sperm donor.,The New York Times,"subject: Documentary Films and Programs;creative_works: Future People: The Family of Donor 5114 (Movie);subject: ARTIFICIAL INSEMINATION;subject: Children and Childhood;persons: Rothman, Michael (Filmmaker);",2021-04-09T11:00:04+0000,317,"‘Future People’ Review: Connected by Biology, Bonded by Love",,,So Many Siblings  Seeking One Another,,,,By Natalia Winkelman,
"Marguerite & Julien,’ a Tale of Siblings in Lov",Le théorème de Marguerite,2470000,fr,http://inter.pyramidefilms.com/pyramidefilms-international-catalogue/my-wonderful-stranger.html,"The future of Marguerite, a brilliant student in Mathematics at the prestigious Ecole Normale Supérieure, seems all planned out. The only woman from her year, Marguerite is finishing a thesis she has to present to an audience of researchers. On the big day, a mistake shakes all her certainties and all her foundations collapse.",68.554,114,1091821,2023-11-01,6.824,94,Drama,Français,"France, Switzerland",https://www.nytimes.com/2016/02/26/movies/review-marguerite-julien-a-tale-of-siblings-in-love.html,"Valérie Donzelli’s film transposes the factually based, centuries-old story of incestuous French lovers to a not-quite-modern setting.",The New York Times,"subject: Movies;persons: Donzelli, Valerie;persons: Elkaim, Jeremie;creative_works: Marguerite & Julien (Movie);",2016-02-26T01:18:45+0000,289,"Review: ‘Marguerite & Julien,’ a Tale of Siblings in Love",,,"Review: ‘Marguerite &amp; Julien,’ a Tale of Siblings in Love",,,,By Glenn Kenny,
The Party,The Party,1500000,en,,"Hrundi V. Bakshi, an accident-prone actor from India, is accidentally put on the guest list for an upcoming party at the home of a Hollywood film producer. Unfortunately, from the moment he arrives, one thing after another goes wrong with compounding effect.",24.307,99,2900000,1968-04-04,7.295,728,Comedy,English,United States of America,https://www.nytimes.com/2018/02/15/movies/the-party-review-timothy-spall-kristin-scott-thomas.html,Sally Potter directs a very fine cast in a would-be comedy about a calamitously bad evening.,The New York Times,"subject: Movies;creative_works: The Party (Movie);persons: Potter, Sally;persons: Spall, Timothy;persons: Scott Thomas, Kristin;",2018-02-15T12:00:25+0000,598,Review: A London Night Goes Wrong in ‘The Party’,,,"  Invite Company. Because After All, Misery Loves It.",,,,By Manohla Dargis,
To All the Boys: Always and Forever,To All the Boys: Always and Forever,0,en,https://www.netflix.com/title/81040397,Senior year of high school takes center stage as Lara Jean returns from a family trip to Korea and considers her college plans — with and without Peter.,44.615,115,0,2021-02-12,7.57,1851,"Romance, Comedy, Drama","English, 한국어/조선말",United States of America,https://www.nytimes.com/2021/02/11/movies/to-all-the-boys-always-and-forever-review.html,"This final installment of the Netflix rom-com trilogy is earnest, bright-eyed and without a hint of cynicism.",The New York Times,"subject: Movies;persons: Condor, Lana;persons: Fimognari, Michael;persons: Centineo, Noah;creative_works: To All the Boys: Always and Forever (Movie);",2021-02-12T02:00:03+0000,482,‘To All the Boys: Always and Forever’ Review: Love Sweet Love,,,A Rom-Com Sequel That May Cause Cavities,,,,By Maya Phillips,
69: The Saga of Danny Hernandez,69: The Saga of Danny Hernandez,0,en,https://www.hulu.com/movie/69-the-saga-of-danny-hernandez-345025ec-5022-4cca-a5f7-d3870fce96b3,"Part investigative documentary, part real-life gangster movie, this film unpacks the life of polarizing rap sensation and internet troll Tekashi69, aka 69, while chronicling his meteoric rise and fall from fame.",7.795,101,0,2021-04-29,6.0,12,"Music, Documentary",English,United States of America,https://www.nytimes.com/2020/11/17/movies/69-saga-of-danny-hernadez-review.html,The rise and fall of the provocative rapper Tekashi69 is chronicled in this Hulu documentary.,The New York Times,"subject: Documentary Films and Programs;subject: Rap and Hip-Hop;persons: Gandhi, Vikram;persons: 6ix9ine (Rapper);creative_works: 69: The Saga of Danny Hernandez (Movie);",2020-11-17T19:07:20+0000,363,‘69: The Saga of Danny Hernandez’ Review: A SoundCloud-Rap Rat,,,"Loved in Hip-Hop, but Loathed in the End",,,,By Calum Marsh,
The Lost Weekend: A Love Story,The Lost Weekend: A Love Story,0,en,https://thelostweekendmovie.com/,"May Pang lovingly recounts her life in rock & roll and the whirlwind 18 months spent as friend, lover, and confidante to one of the towering figures of popular culture, John Lennon, in this funny, touching, and vibrant portrait of first love.",9.964,95,77145,2023-04-13,6.0,2,Documentary,English,United States of America,https://www.nytimes.com/2023/04/13/movies/the-lost-weekend-a-love-story-review.html,"There’s not much Lennon music heard in this doc about his affair with May Pang, and given how much Pang trashes his wife, Yoko Ono, it’s no surprise it was withheld.",The New York Times,"subject: Documentary Films and Programs;creative_works: The Lost Weekend: A Love Story (Movie);persons: Pang, May;persons: Lennon, John;persons: Ono, Yoko;persons: Brandstein, Eve;persons: Kaufman, Richard S (Filmmaker);persons: Samuels, Stuart (Filmmaker);subject: Content Type: Personal Profile;subject: Pop and Rock Music;",2023-04-13T11:00:03+0000,327,‘The Lost Weekend: A Love Story’ Review: When John Lennon Strayed,,,The Lost Weekend:  A Love Story,,,,By Glenn Kenny,
Art of Love,Romantik Hırsız,0,tr,https://www.netflix.com/title/81689799,"After learning that the art thief she has been chasing is her ex-lover, an officer working for Interpol concocts a plan to catch him red-handed.",73.673,99,0,2024-03-13,6.527,112,"Romance, Action, Drama",Türkçe,Turkey,https://www.nytimes.com/2022/07/21/movies/art-of-love-review.html,"A disillusioned college professor develops a relationship with a young Chinese woman, in a familiar and worn-out narrative.",The New York Times,"subject: Movies;creative_works: Art of Love (Movie);persons: Kaplan, Betty (Film Director);",2022-07-21T13:21:43+0000,354,‘Art of Love’ Review: An Erotic Male Fantasy in Puerto Rico,,,Art of Love,,,,By Concepción de León,
Asher,Asher,0,en,,"Asher is a former Mossad agent turned gun for hire, living an austere life in an ever-changing Brooklyn. Approaching the end of his career, he breaks the oath he took as a young man when he meets Sophie on a hit gone wrong. In order to have love in his life before it's too late, he must kill the man he was, for a chance at becoming the man he wants to be.",16.35,117,0,2018-12-07,5.779,138,"Thriller, Action, Drama",English,United States of America,https://www.nytimes.com/2018/12/06/movies/asher-review.html,Ron Perlman and Famke Janssen star in this film that finds a hired killer dealing with his own mortality.,The New York Times,"subject: Movies;creative_works: Asher (Movie);persons: Caton-Jones, Michael;persons: Perlman, Ron;persons: Janssen, Famke;",2018-12-06T12:00:04+0000,259,‘Asher’ Review: An Aging Hit Man Finds Love,,,Asher,,,,By Glenn Kenny,
Wild Mountain Thyme,Wild Mountain Thyme,0,en,,"Headstrong farmer Rosemary Muldoon has her heart set on winning her neighbour Anthony Reilly's love. The problem is, Anthony seems to have inherited a family curse, and remains oblivious to his beautiful admirer. Stung by his father's plans to sell the family farm to his American nephew, Anthony is jolted into pursuing his dreams.",24.123,102,0,2020-12-11,5.166,163,"Romance, Drama",English,"Ireland, United Kingdom",https://www.nytimes.com/2020/12/10/movies/wild-mountain-thyme-review.html,John Patrick Shanley adapts his play “Outside Mullingar” into a movie. (Don’t worry about the accents.),The New York Times,"subject: Movies;persons: Shanley, John Patrick;persons: Blunt, Emily;persons: Dornan, Jamie;creative_works: Outside Mullingar (Play);creative_works: Wild Mountain Thyme (Movie);",2020-12-10T12:00:04+0000,341,‘Wild Mountain Thyme’ Review: Finding Love Down on the Farm,,,Wild Mountain Thyme,,,,By Glenn Kenny,
Diane,Diane,0,en,,"Asked by Francis I to tutor his son, Diane de Poitiers becomes the future King Henry II's mistress in 1500s France.",7.823,110,0,1956-01-12,5.7,8,"Drama, History, Romance",English,United States of America,https://www.nytimes.com/2019/03/28/movies/diane-review.html,"Mary Kay Place is astonishing as a weary widow dealing with guilt, heartache and a diminishing circle of friends.",The New York Times,"subject: Movies;creative_works: Diane (Movie);persons: Jones, Kent;persons: Place, Mary Kay;persons: Parsons, Estelle;persons: Martin, Andrea (1947- );",2019-03-28T11:00:01+0000,511,"‘Diane’ Review: A Vibrant Tale of Love, Sisterhood and Decline",Critic’s Pick,,"A Vibrant Tale of Love, Sisterhood and Decline",,,,By Jeannette Catsoulis,
Luz,Luz,0,de,https://yellowveilpictures.com/luz/,"Luz, a young cabdriver, drags herself into the brightly lit entrance of a run-down police station. A demonic entity follows her, determined to finally be close to the woman it loves.",9.521,70,0,2019-03-21,5.1,65,"Horror, Mystery, Thriller","Deutsch, Español, English",Germany,https://www.nytimes.com/2021/03/18/movies/luz-review.html,"In this romantic drama from Jon Garcia, two men find love in prison, then try to make it work on the outside.",The New York Times,"subject: Movies;creative_works: Luz (Movie);persons: Garcia, Jon (1979- );",2021-03-18T11:00:08+0000,296,‘Luz’ Review: Love In and Out of Lockup,,,Luz,,,,By Teo Bugbee,
"Lingui, the Sacred Bonds",Lingui : les liens sacrés,0,fr,,"On the outskirts of the capital of Chad, determined single mother Amina works tirelessly to provide for herself and her 15-year old daughter Maria. When Amina discovers Maria is pregnant and does not want a child, the two women begin to seek out an abortion, condemned by both religion and law. In the process, mother and daughter forge a connection stronger than any they’ve ever known.",7.4,88,0,2021-12-08,6.703,32,Drama,"العربية, Français","Germany, Belgium, Chad, France",https://www.nytimes.com/2022/02/03/movies/lingui-the-sacred-bonds-review.html,"In this electric liberation story from Chad, a mother struggles to protect her daughter’s future and finds both herself and a world of possibility.",The New York Times,"subject: Movies;persons: Haroun, Mahamat-Saleh;creative_works: Lingui, the Sacred Bonds (Movie);",2022-02-03T19:21:56+0000,852,"‘Lingui, the Sacred Bonds’ Review: Love, Ferocious and Limitless",Critic’s Pick,,"Love, Ferocious and Limitless",,,,By Manohla Dargis,
Preparations to Be Together,Felkészülés meghatározatlan ideig tartó együttlétre,1000000,hu,,"Márta, a 40-year-old neurosurgeon, falls in love. She leaves her shining American career behind and returns to Budapest to start a new life with the man she loves. But she waits for him at the Liberty Bridge in vain - he does not appear at their rendezvous. Márta starts to search for him desperately, but when she finally finds him, the love of her life claims that they have never met before.",8.092,95,117368,2020-09-24,6.2,32,Drama,"English, Magyar",Hungary,https://www.nytimes.com/2021/01/21/movies/preparations-to-be-together-for-an-unknown-period-of-time-review.html,A neurosurgeon pursues the man of her dreams in this simmering portrait of obsession by the Hungarian filmmaker Lili Horvat.,The New York Times,"subject: Movies;creative_works: Preparations to Be Together for an Unknown Period of Time (Movie);persons: Horvat, Lili;",2021-01-21T12:00:03+0000,438,‘Preparations to Be Together’ Review: Mysteries of Love,Critic’s Pick,,"Neurosurgeon, Heal Thyself",,,,By Beatrice Loayza,
Atlantis,Atlantis,0,fr,,"Atmospheric soundtrack follows this compilation of nature footage that focuses on the ocean and various life forms that live, mate and die in it.",10.1,74,138,1991-08-21,6.2,45,"Music, Documentary",Français,"France, Italy",https://www.nytimes.com/2021/01/21/movies/atlantis-review-a-bleak-apocalypse-love-story.html,"Ukraine’s official Oscar entry, the movie depicts an all-too-convincing dystopia, with no fancy gadgets or cars.",The New York Times,"subject: Movies;creative_works: Atlantis (Movie);persons: Vasyanovych, Valentyn;",2021-01-21T12:00:06+0000,320,‘Atlantis’ Review: A Bleak Apocalypse Love Story,Critic’s Pick,,Atlantis,,,,By Glenn Kenny,
Thor: Love and Thunder,Thor: Love and Thunder,250000000,en,https://www.marvel.com/movies/thor-love-and-thunder,"After his retirement is interrupted by Gorr the God Butcher, a galactic killer who seeks the extinction of the gods, Thor Odinson enlists the help of King Valkyrie, Korg, and ex-girlfriend Jane Foster, who now wields Mjolnir as the Mighty Thor. Together they embark upon a harrowing cosmic adventure to uncover the mystery of the God Butcher’s vengeance and stop him before it’s too late.",158.839,119,760900000,2022-07-06,6.464,7238,"Fantasy, Action, Comedy",English,United States of America,https://www.nytimes.com/2022/07/07/movies/thor-love-and-thunder-review.html,"The director Taika Waititi injects antic silliness, once again, into this Marvel franchise starring Chris Hemsworth, who swings a mighty hammer and flexes mightier muscles.",The New York Times,"subject: Movies;organizations: Marvel Studios;persons: Bale, Christian;persons: Crowe, Russell;persons: Hemsworth, Chris;persons: Waititi, Taika;persons: Thompson, Tessa;persons: Portman, Natalie;",2022-07-07T18:26:10+0000,942,‘Thor: Love and Thunder’ Review: A God’s Comic Twilight,,,"He’s Still a Norse God, But Also a Big Old Goof",,,,By Manohla Dargis,
A Tuba to Cuba,A Tuba To Cuba,0,en,https://www.atubatocuba.com/,"A son seeking to fulfill his late father’s dream takes his band from the storied city of New Orleans to the shores of Cuba, where — through the universal language of music — dark and ancient connections between their peoples reveal the roots of jazz.",3.416,82,0,2019-02-15,6.6,8,"Documentary, Music, History",English,"Cuba, United States of America",https://www.nytimes.com/2019/02/14/movies/a-tuba-to-cuba-review.html,This joyous documentary follows the Preservation Hall Jazz Band to Cuba for a celebration of musical history and common bonds.,The New York Times,"subject: Documentary Films and Programs;creative_works: A Tuba to Cuba (Movie);persons: Herrington, TG;persons: Clinch, Danny;subject: Jazz;organizations: Preservation Hall Jazz Band;",2019-02-14T12:00:01+0000,267,‘A Tuba to Cuba’ Review: A New Orleans Jazz Band Makes a Caribbean Connection,Critic’s Pick,,Love Notes Forge a Caribbean Bond,,,,By Jeannette Catsoulis,
The Woman Who Loves Giraffes,The Woman Who Loves Giraffes,0,en,,"Dr. Anne Innis Dagg re-traces the steps of her groundbreaking 1956 journey to South Africa to study giraffes in the wild. Now, at 85 years old, Anne sees a startling contrast between the world of giraffes she once knew and the one it has become. Weaving through the past and present, her harrowing journey gives us an intimate look into the factors that destroyed her career and the forces that brought her back.",3.266,81,0,2018-10-03,6.688,16,Documentary,,"Canada, South Africa, United States of America",https://www.nytimes.com/2020/01/09/movies/the-woman-who-loves-giraffes-review.html,"This warm documentary uses one woman’s singular passion to fuel a tale of zoological discovery, blatant sexism and environmental alarm.",The New York Times,"subject: Documentary Films and Programs;subject: Giraffes;creative_works: The Woman Who Loves Giraffes (Movie);persons: Dagg, Anne Innis;persons: Reid, Alison (Filmmaker);",2020-01-09T12:00:04+0000,279,‘The Woman Who Loves Giraffes’ Review: Crackers for Animals,,,A Special Spot  In Her Heart,,,,By Jeannette Catsoulis,
In From the Side,In from the Side,0,en,http://www.infromthesidemovie.com,"Mark, a new and inexperienced rugby club member, finds himself drawn to Warren, a seasoned first team player. When a series of happenstances at an away fixture lead to a drunken encounter, Mark and Warren unwittingly embark on a romantic affair they struggle to hide from their partners and teammates.",17.99,134,52885,2022-09-16,6.8,62,"Drama, Romance",English,United Kingdom,https://www.nytimes.com/2023/01/19/movies/in-from-the-side-review.html,"In Matt Carter’s gay rugby film, sports and romance smash together like two players from opposing teams.",The New York Times,"subject: Movies;creative_works: In From the Side (Movie);persons: Carter, Matt (Filmmaker);",2023-01-19T17:50:16+0000,281,‘In From the Side’ Review: Love and Rugby Play a Losing Game,,,In From the Side,,,,By Kyle Turner,
Hot Air,Hot Air,0,en,,A right-wing talk show host's life takes a sudden turn when his 16-year-old niece comes crashing into his life.,7.378,99,0,2018-04-10,5.1,18,Drama,English,United States of America,https://www.nytimes.com/2019/08/22/movies/hot-air-review.html,Steve Coogan stars in this cumbersome political comedy.,The New York Times,"subject: Movies;persons: Coogan, Steve;persons: Coraci, Frank;creative_works: Hot Air (Movie);persons: Campbell, Neve;",2019-08-22T15:50:09+0000,266,‘Hot Air’ Review: A Right-Wing Radio Host Learns to Love Again,,,Hot Air,,,,By Bilge Ebiri,
"Casanova, Last Love",Dernier amour,0,fr,https://lesfilmsdufleuve.be/en/movies/dernier-amour,"Year 1763. Forced into exile, the famous libertine Giacomo Casanova leaves Paris and travels to London, where he meets Marianne de Charpillon, a young prostitute to whom he is so attracted that he forgets about the other women.",14.98,99,0,2019-03-20,4.7,34,"Drama, Romance","English, Français, Deutsch, Italiano","Belgium, France, United States of America",https://www.nytimes.com/2021/07/14/movies/casanova-last-love-review-reappraising-a-philanderer.html,Benoît Jacquot’s erotic costume drama envisions the Italian playboy as a weathered sad sack living in exile.,The New York Times,"subject: Movies;persons: Jacquot, Benoit;creative_works: Casanova, Last Love (Movie);",2021-07-14T22:12:43+0000,312,"‘Casanova, Last Love’ Review: Reappraising a Philanderer",,,"Casanova, Last Love",,,,By Beatrice Loayza,
Dinner in America,Dinner in America,0,en,https://www.dinnerinamerica.com,An on-the-lam punk rocker and a young woman obsessed with his band go on an unexpected and epic journey together through the decaying suburbs of the American Midwest.,11.767,106,0,2022-05-27,7.384,56,"Romance, Comedy, Music",English,United States of America,https://www.nytimes.com/2022/05/26/movies/dinner-in-america-review.html,A rage-fueled rock singer on the run from the police meets and falls in love with a gullible young woman eager to escape her circumstances.,The New York Times,"subject: Movies;persons: Rehmeier, Adam;creative_works: Dinner in America (Book);",2022-05-26T11:00:04+0000,254,‘Dinner in America’ Review: A Punk-Rock Love Story,,,Dinner in America,,,,By Concepción de León,
The Inspection,The Inspection,0,en,https://a24films.com/films/inspection,"Ellis French is a young, gay Black man, rejected by his mother and with few options for his future, decides to join the Marines, doing whatever it takes to succeed in a system that would cast him aside. But even as he battles deep-seated prejudice and the grueling routines of basic training, he finds unexpected camaraderie, strength, and support in this new community, giving him a hard-earned sense of belonging that will shape his identity and forever change his life.",20.686,95,270613,2022-11-18,6.2,56,Drama,"العربية, Español, English",United States of America,https://www.nytimes.com/2022/11/17/movies/the-inspection-review-boot-camp-a-love-story.html,"Elegance Bratton’s autobiographical first feature is a lyrical, wrenching look at a young Marine’s journey through basic training.",The New York Times,"subject: Movies;creative_works: The Inspection (Movie);persons: Bratton, Elegance;",2022-11-17T12:00:07+0000,836,"‘The Inspection’ Review: Boot Camp, a Love Story",critic’s pick,,"A Few Good Men, Some With Secrets",,,,By A.O. Scott,
